80000180,_tx_exception_trampoline
80010000,_start
80010020,LedBlink
800100E4,LedStart
80010184,LedStop
80010498,LedSetBurnStatus
80010570,LedDestroy
800105D8,LedInit
80010724,UartOnWriteFlashBurst
800107F4,DownloadUart
800109C8,ZburnRunDdrTest
80010B5C,ZburnDdrTest
80010CA4,ZburnDdrTestMain
80010DE8,BurnMain
80010FA0,tx_application_define
8001101C,UartClientCommand
800110E4,UartClientRead
80011234,UartClientWrite
80011380,BurnSdMmc
80012398,BlockUserArea
80012B74,BlockShowNandMap
80012C3C,NandUserAreaBackup
800130B4,NandUserAreaRestore
80013390,BurnNand
80016278,NandReadElfCode
8001648C,strupr
800164F0,Random
80016544,_mon_printf
8001654C,_mon_getc
80016554,_mon_write
8001655C,itoa
800165C4,ReverseBitsPerDWord
8001689C,FindClosestRatio
80016920,BurnNor
80016E88,OneNandGetBootHeader
80016FB4,OneNandBlockUserArea
80017454,BlockShowOneNandMap
8001751C,OneNandUserAreaBackup
80017A10,OneNandUserAreaRestore
80017D58,BurnOneNand
800196E4,OneNandReadElfCode
800198F8,SetFilePath
80019A6C,DownloadCard
8001A63C,BurnSetUniqueId
8001A71C,IsSectionProtected
8001A820,UpdatePartitionInMBRTable
8001A8BC,PrintBootHeaderProperties
8001A9E8,PrintRecoverHeaderProperties
8001AA70,InitRecoverSection
8001AB64,GetSectionFromBootHeader
8001AB88,BurnGetSectionsMap
8001B610,BurnGetHandle
8001B700,def_8001B6DC
8001B9A8,BurnHashExit
8001B9E0,Burn
8001BDCC,BurnHashManager
8001BFE0,BurnHashInit
8001C014,BurnHashUpdate
8001C04C,BurnHashFanalize
8001C2BC,UsbOnWriteFlashBurst
8001C3C4,DownloadUsb
8001CAF8,DoReboot
8001CB48,def_8001CB90
8001CCF8,AppMediaGetCurrentHandle
8001CD00,SensorStop
8001CD08,DisplayOff
8001CD10,CopClockDisable
8001CD18,CopGetClockState
8001CD20,DisplayGetCaps
8001CD28,SensorGetCaps
8001CD30,AppGetCoachVersion
8001CD38,OsSysDumpIpcQueueTable
8001CD40,OsSysDumpIpcMutexTable
8001CD48,CopMarkThreadFree
8001CD50,RunThreadOnCop
8001CD58,MonitorRegisterFunctions
8001CD60,MonitorPrompt
8001CD68,MonitorPreParse
8001CD70,MonitorParse
8001CD78,HceGetMonitorType
8001CD80,_pthread_once
8001CE14,pthread_mutex_lock
8001CEC8,__sdethread_mutex_trylock
8001CF5C,pthread_mutex_unlock
8001CFF4,__sdethread_key_create
8001D09C,__sdethread_key_delete
8001D0FC,__sdethread_getspecific
8001D150,__sdethread_setspecific
8001D1A4,UsbClientCommand
8001D290,UsbClientWrite
8001D330,UsbClientRead
8001D428,BurnIde
8001D954,LbaNandGetBootHeader
8001DAA8,LbaBlockUserArea
8001E0D4,BlockShowLbaNandMap
8001E19C,LbaNandUserAreaBackup
8001E660,LbaNandUserAreaRestore
8001E930,LbaNandInit
8001E9E8,BurnLbaNand
8002028C,LbaNandReadElfCode
800204A0,VerifyBlock
80020648,GpioInit
80020708,GpioGroupSelect
800208A4,IsLedGpioSelected
800208E0,GpioGroupConfig
80020BA8,IsLedGpio
80020BB4,GpioGroupGet
80020D70,GpioDumpValue
80020DC4,GpioDumpDirection
80020F20,GpioDumpSelection
80021004,GpioDumpPolarity
80021194,GpioDumpStatus
800212B8,GpioDumpConfig
80021368,GpioSetIntPolarity
800214B0,GpioGroupHandlerSetWithPriority
80021770,GpioGroupHandlerSet
800217A0,GpioGroupHandlerEnable
800219DC,GpioPowerOnEnable
80021BC8,GpioThresholdConfig
80021C48,GpioWritePuPdPins
80021C6C,GpioWritePuPdGroups
80021C90,GpioReadPuPdPins
80021CA8,GpioReadPuPdGroups
80021CC0,GpioWriteSignalMuxControl
80021CE4,GpioReadSignalMuxControl
80021CFC,GpioWritePadStrength
80021D20,GpioReadPadStrength
80021D38,GpioGroupGpioCntGet
80021D98,GpioStoreScrpInfo
80022180,GpioGroupSet
800223C4,GpioLedSelect
80022558,_tx_isr_unregister
80022650,_tx_thread_initialize
80022708,_tx_event_flags_get
80022A48,_tx_queue_create
80022C84,_tx_isr_unmask
80022D1C,OsWaitConditionGet
80022D50,OsWaitConditionSet
80022D64,OsThreadLock
80022D90,OsThreadUnlock
80022DB8,OsThreadSleepMS
80022DC0,OsFindThreadId
80022E88,OsGetCopThreadSp
80022EF0,OsGetCpuThreadSp
80022F58,OsThreadResetCounters
800230B8,OsThreadCounterGet
800234C0,OsThreadSuspensionListPush
800234F8,OsThreadWaitForTermination
8002364C,OsThreadDeleteStatic
80023698,OsThreadGetId
80023778,OsThreadPreemptionChange
800237C0,OsThreadCreate
80023858,OsThreadCreateDynamicSilent
8002399C,OsThreadCreateDynamic
80023A5C,OsThreadCreateStatic
80023B54,OsThreadCreateExSilent
80023CB8,OsThreadCreateEx
80023D68,OsThreadInit
80023F18,OsThreadPriorityChange
80023F8C,OsThreadGetPrioritySemanticName
80023FD0,_tx_mutex_create
80024188,_tx_timer_deactivate
8002421C,_tx_queue_delete
80024424,_tx_event_flags_delete
8002462C,_tx_timer_activate
8002473C,_tx_thread_identify
80024764,_tx_queue_receive
800248E4,def_80024804
80024B48,def_80024B40
80024D88,_tx_thread_resume
80024F1C,OsSetChipFrequency
80024F48,_tx_event_flags_cleanup
800250A8,_tx_thread_resume_api
8002518C,_tx_isr_mask
80025228,_tx_thread_sleep
8002530C,_tx_isrhi_initialize
800253B8,_tx_is_in_isr_handling
800254F0,_tx_isr_trigger
800255CC,_tx_isr_dummy_trigger
80025774,_tx_isr_handle_interrupt
80025940,_tx_isr_handle_exception
80025B58,_tx_isr_clear
80025BC0,_tx_mutex_put
80025F48,_tx_initialize_kernel_enter
80025FB4,_tx_initialize_kernel_setup
80026018,_tx_thread_priority_change
80026280,_tx_isr_register
80026408,_tx_isr_get_status
80026478,_tx_isr_is_pending
800264AC,_tx_isr_dummy_register
800264C0,_tx_isr_update_user_data
80026504,_tx_event_flags_create
800266C0,_tx_mutex_prioritize
80026894,_tx_thread_preemption_change
800269D4,OsVersionSet
800269F0,OsVersionPrint
80026A48,OsSysCheckNullHandlerInstall
80026B44,OsSysHaltSwitchSlotmachine
80026B68,OsSysHaltInitUart
80026C3C,OsSysCheckCreate
80026CA0,OsSysCheckAccuracy
80026F68,OsSysCheckRunCpuTest
80027050,OsSysDumpSmdb
800270AC,OsSysDumpCpuLoad
800273DC,OsSysBoostPriority
800274A0,OsSysRestorePriority
80027584,OsSysDumpThreadsList
80027788,OsSysDumpQueueTable
80027A1C,OsSysDumpEventTable
80027C38,OsSysDumpMutexTable
80027E64,OsSysDumpSemaphoreTable
80028090,OsSysDumpIsrTable
800284A4,OsSysDumpIsrTableCop
800284AC,OsSysDumpIsrCountersReset
80028528,OsThreadGetPc
8002858C,OsSysDumpIpcQueueTableSafe
800285BC,OsSysDumpIpcMutexTableSafe
800285EC,OsSysResetFileSystemInCrash
80028640,OsContextSwitchLoggingStopAndDump
80028658,OsThreadDumpStackCB
80028664,OsThreadDumpThreadCallStackFake
80028830,OsThreadDecodeState
80028858,def_80028850
80028AE0,OsThreadStackUsage
80028B1C,OsThreadStackBacktrace
80028DB0,PrintStackTrace
80028FAC,OsThreadDumpThreadCallStack
80029178,OsDumpThreadTable
80029F30,OsSysDump
8002A9C4,OsSysHaltEx
8002AC70,OsSysCheckMemoryOverflow
8002AD44,OsSysCheckThreadStack
8002AE58,OsSysCheck
8002AF00,OsSysHaltExF
8002AF3C,OsSysCheckNullHandler
8002B02C,OsReturnAddress
8002B09C,OsContextSwitchLoggingStart
8002B0B4,OsContextSwitchLoggingStop
8002B0BC,OsContextSwitchLoggingWait
8002B0D4,OsContextSwitchLoggingDump
8002B0EC,OsSysCheckRun
8002B0F8,OsServiceCheckEnable
8002B154,OsSysCheckIsQueueValid
8002B2F8,OsSysCheckIsEventValid
8002B49C,OsSysCheckIsMutexValid
8002B640,OsSysCheckIsBlockingValid
8002B78C,OsSysCheckIsSemaphoreValid
8002B930,_tx_queue_send
8002BE54,_tx_thread_delete
8002BF88,TimerCreateMicro
8002C0C8,TimerCreate
8002C0D8,TimerChangeMicro
8002C18C,TimerChange
8002C19C,TimerActivate
8002C244,TimerDeactivate
8002C2EC,TimerDestroy
8002C3A8,TimerInit
8002C3D8,OsDumpTimerTable
8002C4E4,OsDelayUsec
8002C5B0,_tx_thread_create
8002C7E4,_tx_event_flags_set
8002CC9C,_tx_thread_system_return
8002CE00,_tx_thread_stack_build
8002CEC0,_tx_counter_get
8002CED0,tx_counter_reset_comparator
8002CEF4,_tx_compare_get
8002CF04,_tx_thread_schedule
8002CF58,_tx_wait
8002D130,_tx_initialize_low_level
8002D1E8,_tx_thread_interrupt_control
8002D210,_tx_thread_timeout
8002D2D4,_tx_thread_suspend
8002D574,_tx_mutex_get
8002D8D8,_tx_queue_cleanup
8002DA44,_tx_timer_delete
8002DB54,_tx_timer_activate_api
8002DBA0,_tx_initialize_high_level
8002DCB4,_tx_mutex_priority_change
8002DEE0,_tx_timer_deactivate_api
8002E020,_tx_timer_change
8002E080,_tx_timer_initialize
8002E148,_tx_timer_create
8002E254,_tx_mutex_cleanup
8002E3B4,_tx_isr_initialize
8002E434,_tx_thread_shell_entry
8002E4C8,_tx_timer_interrupt
8002E6F8,_tx_thread_context_save
8002E808,_tx_thread_context_restore
8002EA0C,_tx_timer_thread_entry
8002EC04,_tx_thread_time_slice
8002ECF0,UartSetDebugOn
8002ECFC,IsUartOpened
8002ED08,UartSetHceUserReadTimeout
8002ED14,UartResetbyPort
8002EDC0,UartSetHceUserWriteTimeout
8002EDCC,UartGetUserId
8002EDD8,UartSetUserId
8002EEA8,UartUpdateSystemFrequency
8002EF28,UartGetPortIdByUserId
8002EF94,UartGetActivePort
8002EFB4,UartInitFifo
8002EFF0,UartOpenFifo
8002F308,UartCloseFifo
8002F450,UartWriteFifo
8002F640,UartCancelTransferFifo
8002F648,UartReadPollingFifo
8002F730,UartWritePollingFifo
8002F980,UartReadFifo
8002FC98,UartReadFifoPort2
8002FF50,UartIsWriteFifoEmptyFifo
8002FF98,UartGetByteTransferTimeFifo
8003003C,PoolInfoLock
80030044,PoolInfoUnlock
80030184,PoolInfoInit
80030350,PoolInfoDump
80030750,PoolInfoCheckNullOverflow
800308D4,PoolInfoCheckOverflow
80030D50,PoolPseudoAllocStart
80030D74,PoolPseudoAlloc
80030F48,PoolPseudoAllocEnd
80030F78,PoolGetMaxFreeBufferSize
80031020,PoolSetPoolList
800310A4,PoolResetPoolList
80031120,PoolInfoEnableDMMemUsageStatistics
80031244,PoolInfoAvStatGetTime
800312E4,PoolInfoGetPoolId
80031320,PoolInfoUpdateAvStatEntry
800317C8,PoolInfoActivateDMMemUsageStatistics
80031D30,PoolInfoFree
80032054,PoolInfoStore
800322A4,PoolInfoDumpDMMaxStatistics
80032B3C,PoolInfoAvStatRound
80032B9C,PoolInfoDumpDMAverageStatistics
800338B0,PoolInfoUpdateAvStatClock
80033914,PoolInfoPendingThreadSet
800339F8,PoolInfoPendingThreadClear
80033A24,PoolInfoPendingThreadDumpByPool
80033C58,CheckChunk
80033FEC,GetAllocSize
800340F8,CheckChunkInUse
8003609C,PoolGetByPointerEx
800363D8,PoolCreateDirect
80036498,PoolCreateEx
8003659C,PoolCreateSubPools
80036638,PoolInit
8003670C,PoolDestroy
800367B4,PoolDestroyAsync
8003686C,PoolLockInternalDram
80036874,PoolCreateInternalDram
8003687C,Cop_FlushDCache
80036888,PoolDestroyInternalDram
80036890,PoolAllocEx
80036AA0,PoolCallocEx
80036CC8,PoolGetCtrEx
80036DA4,PoolFreeEx
80036F8C,PoolReallocEx
800371C0,PoolGetEx
800372E0,PoolDump
8003735C,PoolLeakDetectReset
800373D4,PoolLeakDetectResetAll
80037440,PoolDumpAll
80037520,PoolIsAllocFromSmallPool
80037548,PoolHook
8003764C,def_80037624
80038830,VerifyFreeList
80039638,nullsub_1
80039640,DcuInit
800398F0,DcuCoreFreqQuery
80039A6C,DcuCoreFreqConfig
80039B38,DcuGetDramAttributes
80039B6C,def_80039B64
80039C08,DcuSelfRefreshMode
80039C30,DcuSetDramParams
80039CAC,DcuGetOptimizedHgap
80039D48,DcuSetAttr
80039DC4,DcuInitDram
80039E10,DcuGetOptimizedWidth
80039E9C,DcuIsInternalDramPresent
80039EC4,DcuConfigMyCoach
80039ECC,IpCompsInit
80039ED4,IpGetCoachVersion
80039F84,IpConfigGetFeature
80039FB4,IpConfigComponent
80039FEC,def_80039FE4
8003A0D8,DcuGetClientAddr
8003A17C,DcuSetClientControlsByHandle
8003A1E8,DcuSetClientControlsByDram
8003A230,DcuSetClientControls
8003A26C,DcuSetClientThreshold
8003A2DC,DcuSetClientRounding
8003A30C,DcuUpdateClientControlsRegister
8003A378,DcuSubmitClientControls
8003A3B4,DcuSetClientParam
8003A430,DcuSetClientDataConfig
8003A528,def_8003A464
8003A548,DcuConfigureCodeClient
8003A5B8,DcuMemoryProtectionEnableByMmuIndexEx
8003A6C8,DcuMemoryProtectionConfigEx
8003A8AC,DcuMemoryProtectionConfig
8003AB00,DcuMemoryProtectionEnableByMmuIndex
8003AC68,DcuMemoryProtectionEnable
8003AC94,DcuMemoryProtectionEnableByAddress
8003ACBC,DcuMemoryProtectionIsEnabledByMmuIndex
8003AD60,DcuMemoryProtectionIsEnabled
8003AD84,DcuMemoryProtectionIsEnabledByAddress
8003ADA8,DcuMemoryProtectionSetHandlerByMmuIndex
8003AE3C,DcuMemoryProtectionSetHandler
8003AE50,DcuMemoryProtectionSetHandlerByAddress
8003AF68,DcuMemoryProtectionInit
8003B10C,DcuNullProtectionIsEnabled
8003B168,DcuNullProtectionIsActive
8003B1C4,DcuNullProtectionConfig
8003B21C,DcuNullProtectionType
8003B278,DcuNullProtectionPause
8003B2D0,DcuNullProtectionResume
8003B330,DcuNullProtectionEnable
8003B39C,DcuConfig
8003B4D8,DcuConfigStart
8003B824,def_8003B80C
8003BD24,DcuValidateBufferIntegrity
8003D108,DcuSlotMachineInit
8003D248,DcuSlotMachinePages
8003D250,DcuSlotMachineActivePage
8003D2CC,DcuSlotMachineGetDummy
8003D314,DcuSlotMachineLoadToPage
8003D6E4,DcuCheckStartedClients
8003D914,DcuSlotMachineSwitchToPage
8003DA34,DcuSlotMachineLoad
8003DB44,DcuIsClientActive
8003DBC4,DcuClientValidateOnStartEnable
8003DBD0,DcuValidateClient
8003DDA0,DcuDumpStartingClientsWithoutSlotStat
8003DF10,DcuClientValidationOnSmChangeEnable
8003DF1C,DcuDumpStartedClientsWithoutSlotStat
8003E1F8,DcuSlotMachineResetPtr
8003E210,DcuCacheAllowGet
8003E2A0,DcuCacheAllowSet
8003E368,DcuDummySlotOverride
8003E374,DcuDebugDummyClientOpen
8003E49C,DcuDebugInit
8003E53C,DcuDebugDestroy
8003E5D4,DcuDebugConfig
8003E6A0,DcuDebugCollect
8003E838,DcuDebugWait
8003E8E0,DcuDebugGetInfoType
8003E920,DcuDebugGetClientId
8003E960,DcuDebugGetInfo
8003EA1C,DcuGetDebugRawData
8003EA48,DcuGetDebugRawDataLength
8003EA78,DcuGetDebugRountDurationOffset
8003EA80,DcuGetDebugRountDurationSize
8003EA88,DcuClientSubmit
8003EC54,def_8003EAE0
80040084,DcuClientResubmit
800400F4,def_800400CC
80040108,DcuBNSClientSetReqCtrl
80040170,DcuClientStart
800402B4,DcuClientStop
800404A0,DcuClientWaitComplete
80040548,DcuFifoHandlingInit
800405D4,DcuFifoHandlingAcquire
80040678,DcuFifoHandlingRelease
800406F4,DcuFifoHandlingConfig
8004089C,def_80040818
800408D0,def_800407C0
80040904,DcuFifoHandlingEnable
800409DC,DcuFifoHandlingDisable
80040A84,DcuClientOpenByDram
80040B08,DcuClientOpen
80040B20,DcuClientClose
80040B38,DcuClientCloseById
80040B54,RebootEx
80040DB0,Reboot
80040DBC,ListInsert
80040E70,ListAddHead
80040EF8,ListAddTail
80040F04,ListRemove
80040FA8,ListGetTail
80040FBC,ListGetHead
80040FD0,ListGetNext
80040FE4,ListGetPrev
80040FF8,ListReset
80041048,ListFind
800410C8,ListIterate
8004113C,ListIterateAndDelete
800411E4,ListDeleteAndIterate
80041268,ListGetCount
80041270,ListMove
80041290,ListSwapObjects
800413BC,ListLimit
800414B0,PowerStateOn
800414C0,PowerStateOff
800414CC,PowerSendData
80041560,PowerPrepareData
80041610,PowerCommitData
800416E0,PowerStatePrintf
80041754,PowerStateParse
8004258C,PowerStateStart
80042680,PowerStateStop
800426EC,PowerStateTime
80043504,md5_init
80043540,md5_append
80043684,md5_finish
80043758,TimingMarkIsGroupEnabled
800437AC,TimingStop
800437CC,TimingResume
800437EC,TimingPause
8004380C,TimingSetSingleShotBuffer
8004382C,TimingSetCircularBuffer
80043E78,TimingDump
80043EA4,TimingDumpStatLastEntries
800443A0,TimingDumpStat
800443DC,TimingFreeByLog
80044538,TimingFree
800445D8,TimingFindNextLabelByLog
80044794,TimingFindNextLabel
800447C0,TimingFindPrevLabelByLog
8004499C,TimingFindPrevLabel
800449AC,TimingAllocateByLog
80044B9C,TimingAllocate
80044C2C,TimingStartByLog
80044DC8,TimingStart
80044DD4,TimingMarkByLog
80045068,TimingMark
800452D0,TimingMarkF
80045348,TimingMarkV
800453AC,TimingMarkFByLog
8004541C,TimingStopByLog
80045474,TimingDumpByLog
800454B4,TimingDumpFileByLog
800455E0,TimingDumpFile
800455F8,TimingDumpStatByLog
8004563C,TimingCreateTimeScriptByLog
800460FC,TimingCreateTimeScript
80046130,TimingGetNextStringByLog
800462E8,TimingGetNextString
80046300,TimingCustomConfig
800463F4,TimingGetLogContent
800464DC,PrintfLogAllocate
8004652C,PrintfLogMark
800465C8,PrintfLogStart
800465E4,PrintfLogIsEnabled
800465F0,PrintfLogStop
8004661C,PrintfLogDumpToFile
80046774,PrintfLogFree
800467EC,DebugPrint
800468B4,DebugGetMonitorType
800468C0,DebugPollingModeEnable
80046920,BlockingPrint
80046AB0,Fprintf_B
80046CBC,Printf_B
80046E04,Printf_FB
80046F44,Printf_FBW
8004701C,Printf_NB
80047168,PrintFlush
800471F0,NotBlockingMain
80047258,DebugConvertMonitorTypeToBaudRate
80047304,DebugInit
800474AC,DebugEnableUsbPrint
800474B8,DebugEnableAllPrints
800474C8,DebugGetPrintCapability
800474D4,DebugConsoleMain
80047650,DebugIsPrint
8004765C,DebugPrintOff
80047668,DebugPrintOn
80047678,DebugMD5sum
800476D4,DebugMD5BlockBuffer
8004777C,DebugMD5ResultCompare
8004779C,DebugMD5ToString
80047804,DebugEnableFprints
80047824,__assfail
80047860,DebugSaveCrash
800479D0,DebugReprintCrash
80047AD0,def_80047AC4
80047D80,DebugReprintCrashes
80047EEC,MonitorReprintCrash
80047EF4,MonitorDumpAll
80047F20,MonitorCrashCop
80047F94,MonitorCrash
800483EC,MonitorGetC0Reg
80048440,def_8004842C
800486B0,Test_print_fb
80048714,LastErrorGet
80048720,LastErrorSet
80048730,MemLeakCounterSet
80048764,MemLeakCounterGet
80048770,CpuPerformanceMonitorStart
8004882C,CpuPerformanceMonitorStop
80048864,CpuPerformanceMonitorReset
8004887C,CpuPerformanceMonitorRead
800488D8,_ZN17CCacheCostCounterC2Ev
80048940,_ZN17CCacheCostCounterC1Ev
800489A8,_ZN17CCacheCostCounterD2Ev
80048A4C,_ZN17CCacheCostCounterD1Ev
80048AF0,CacheCostCounterEnable
80048B14,CacheCostCounterDisable
80048B34,CacheCostCountersGet
80048B6C,CpuCacheInfoGet
80048C14,_Z13DcacheGetSizePj
80048D00,_Z15CacheTestThreadm
80048D3C,DataCacheTestWrapper
80048F70,RomSetControl
80048F9C,_Z15CpuPreFetchInitv
80049058,CpuPreFetchStart
80049210,CpuPreFetchStop
800492CC,CpuPreFetchFlush
80049360,CpuEnableInstructionPreFetch
800493D0,CustomIsrGetID
8004946C,def_800493F4
80049484,CustomIsrStop
800494F0,CustomIsrStart
800495D0,CustomIsrClear
800495FC,CpuWdiDisable
80049650,CpuWdiEnable
8004969C,CpuWdiConfigure
800497FC,CpuWdiSetIsrHandler
80049864,CpuWdiSetRefresh
800498A4,CpuWdiRefresh
80049938,CpuCacheUnlock
80049ABC,CpuCacheFetchLock
80049D00,CpuCacheLockDump
80049E94,CpuInit
8004A090,CpuSetJtagConfig
8004A0A4,CACHE_InvalidateInstructCacheEx
8004A154,TEST_CACHE_InvalidateInstructCacheEx
8004A2B8,CACHE_InvalidateICache
8004A2C4,CACHE_InvalidateDataCacheRegionEx
8004A520,TEST_CACHE_InvalidateDataCacheRegionEx
8004A8B4,CACHE_InvalidateDataCacheEx
8004A9F8,TEST_CACHE_InvalidateDataCacheEx
8004ABE4,CACHE_InvalidateInstructCacheRegionEx
8004AE3C,CACHE_WriteBackDataCacheRegionEx
8004B06C,TEST_CACHE_WriteBackDataCacheRegionEx
8004B39C,CACHE_WriteBackDataCacheEx
8004B4E0,TEST_CACHE_WriteBackDataCacheEx
8004B6E8,TEST_CACHE_InvalidateInstructCacheRegionEx
8004B850,CACHE_WriteBackInvalidateDataCacheEx
8004B904,TEST_CACHE_WriteBackInvalidateDataCacheEx
8004BB0C,CACHE_WriteBackInvalidateDataCacheRegionEx
8004BD68,TEST_CACHE_WriteBackInvalidateDataCacheRegionEx
8004BF80,CacheCostCounterReset
8004BFBC,mips_jump_rom
8004C034,UsbRelease
8004C03C,UsbInit
8004C32C,UsbDeviceGetPhy
8004C348,UsbDeviceGetPhyType
8004C364,UsbDeviceOpen
8004C43C,UsbDeviceClose
8004C4E0,UsbForceVbus
8004C554,UsbDeviceConnect
8004C6E8,UsbDeviceGetStatus
8004C724,def_8004C718
8004C76C,UsbDeviceSetSpeed
8004C7C4,UsbDeviceGetSpeed
8004C7F8,UsbDeviceGetEpStatus
8004C844,UsbDeviceGetEpPacketSize
8004C87C,UsbDeviceForceDisconnect
8004C8E0,UsbDeviceSetSOFPacketsQueue
8004C940,UsbDeviceCustomHandlingForGetSetInterfaceRequests
8004C97C,UsbDevReadReg
8004C9C4,UsbDevWriteReg
8004CA1C,UsbCreateDeviceDesc
8004CC48,UsbCreateDeviceDescEx
8004CCB0,UsbCreateConfigDesc
8004CDD8,UsbCreateInterfaceAssociationDesc
8004CEFC,UsbCreateInterfaceDesc
8004D01C,UsbSetInterfaceDescriptorsNumber
8004D0E0,UsbCreateEndpointDesc
8004D240,UsbCreateStringDesc
8004D2D8,UsbAddStringDesc
8004D304,def_8004D2F8
8004D3E8,UsbRegisterCustomDescriptorHandlers
8004D47C,CallCustomDescriptorHandler
8004D4E8,def_8004D4D0
8004D53C,UsbAddDesc
8004D5D0,def_8004D590
8004D7B0,UsbProduceDeviceQualifiers
8004D884,WusbCreateDevCapUwbDesc
8004D980,WusbCreateBosDesc
8004DA1C,WusbCreateEpCompanionDesc
8004DB0C,WusbCreateEncTypeDesc
8004DB94,WusbCreateSecurityDesc
8004DEA0,UsbDcMmuIsr
8004DEC4,CurrentBlockInZeroZoneFirstHalf
8004DF30,UsbDcPrepareZeroZoneOtherHalf
8004E0AC,UsbDcPrepareForIsoSending
8004E2A4,UsbDcTrapIsr
8004E358,UsbDcInit
8004E63C,UsbDcEpDeinit
8004E740,UsbDcDeinit
8004E840,UsbDcEpInit
8004EA40,UsbDcEpTransfer
8004EB40,UsbDcSetAddress
8004EB58,UsbDcSetSOFPacketsQueue
8004EBF8,UsbDcGetSpeed
8004EC04,UsbDcEpCancelTransfer
8004EF7C,UsbDcEpStall
8004F0D0,UsbDcIsr
8004F7A8,UsbDcSetTestMode
8004F7D4,UsbDcSetSpeed
8004F808,UsbDcIsrsRegister
8004F8C0,UsbDcIsrsUnregister
8004F904,UsbDcForceDeinit
8004F964,UsbDcSetupEndpointForCyclicBufferIsoTransfers
8004FC20,UsbDcPerformIsoWrite
8004FFF0,UsbDcCheckInterruptDistance
800501F0,UsbRegisterReadSetupTransfers
8005027C,UsbDeviceOnSetup
8005045C,UsbDeviceEpOpen
800504C4,UsbDeviceEpClose
800504F0,UsbDeviceRead
800506DC,UsbDeviceReadSetup
800507D4,TimerUsbWriteTimeout
800507F8,UsbDeviceWrite
80050988,UsbDeviceCancelTransfer
800509DC,UsbDeviceGetTransferStatus
80050AB8,UsbDeviceWaitEvent
80050B2C,UsbDeviceWaitEventNoClear
80050BA4,UsbDeviceStall
80050BFC,UsbDeviceCancelReadSetup
80050C60,UsbDeviceSetEvent
80050C9C,UsbDeviceSetupEndpointForCyclicBufferIsoTransfers
80050D34,UsbDevicePerformIsoWrite
80050D98,UsbDeviceControlStateInit
80050EF8,UsbDeviceOnResetComplete
80050FE0,UsbDeviceOnSuspend
80051004,UsbDeviceOnResume
80051028,UsbDeviceOnReset
800510F8,UsbDeviceGetSetupPacket
8005111C,UsbDeviceInstallDcCallback
80051160,def_80051154
80051190,WusbDeviceDnCountSet
80051238,WusbDeviceDnCountGet
80051254,WusbDeviceDnTimeSet
80051270,WusbDeviceDnTimeGet
8005128C,WusbDeviceDnObjectGet
800512B4,WusbDeviceDnSizeGet
800512DC,def_800512D4
80051304,WusbDeviceDnsAlloc
80051398,WusbDeviceDnSchedule
800513D8,def_800513D0
80051514,UsbDeviceOnStdTransferComplete
80051988,TimerUsbSetAddressTimeout
800519C8,OnSetDescriptorSetup
80051B98,OnSetConfigurationSetup
80051DB8,OnGetConfigurationSetup
80051E60,UsbDeviceOnStdSetup
80051EB0,def_80051EA8
80052390,def_80052C8C
80052E78,OnStdWusbDnTransferComplete
80052F44,WusbDeviceOnStdMmcReceive
80053008,def_80052FFC
8005330C,def_80053054
80053538,TimerWusbTrustTimeoutCheck
800535E4,WusbDeviceEventsListner
800536E0,UsbDeviceSetConfigSendStatus
80053734,UsbDeviceOpenWired
8005383C,UsbDeviceCloseWired
80053868,UsbDeviceConnectWired
80053964,UsbDeviceForceDisconnectWired
800543A4,UsbGetDesc
800543E4,def_800543D0
80054618,UsbSubmitDesc
80054634,UsbDeleteDesc
80054644,CguGetFrequency
8005473C,CguVerifyUnitEnable
800547C4,CguUnitSetEnabled
80054A38,CguClkGetEnabled
80054A50,CguClkSetEnabled
80054AA4,def_80054A9C
80054C80,CguSpmExit
80054CD4,CguUnitGetEnabled
80054D18,CguPrintStatistics
80054EDC,CguQueryGeneral
80055010,CguFreqQuery
8005510C,def_800550C0
80055490,CguClkConfig
80055548,def_8005552C
80055D0C,CguSetCoreFreq
80055D38,CguInit
80055EEC,CguUnitSetEnabledMul
80056074,CguGetMainOscFrequency
80056080,CguRingOscSample
800562B8,CguRingOscRead
8005631C,CguResetUnit
80056360,def_80056358
800564C4,CguClkAdjust
800564FC,CguClkGetAdjustFactor
8005653C,CguGetBaseFreq
8005654C,CguSetDthClkMode
8005657C,PowerInit
800565F4,PowerOff
800566B8,PwrcResetFf
800566F4,PwrcPowerOnEnable
80056798,PwrcGetPowerOnSource
800567C0,DmaAllocateTransactionBuffer
800568B8,DmaFreeTransactionBuffer
80056928,DmaAddTransaction
80056A94,DmaSetBankControl
80056B14,ScratchPadGetMap
80056BCC,DmaIsLocked
80056C60,ScratchPadGetBankMutex
80056D00,ScratchPadConfigRamControl
80056E44,ScratchPadLock
80056F40,DmaLock
80056F48,ScratchPadPutBankMutex
80056F7C,ScratchPadUnlock
80057098,DmaUnlock
800570A0,BackupScratchpad
800571D0,RestoreScratchpad
80057498,DmaFastCopySequenceEx
800575DC,DmaFastCopySequence
800575F8,DmaExecutePendingTransactions
8005770C,DmaFastCopyGetDataSizeEx
80057750,DmaMemCopyEx
80057A5C,DmaMemCopy
80057A80,DmaFastCopyGetDataSize
80057A88,DmaBlockCopyBottomUp
80057CD8,DmaBlockCopyEx
80057FC4,DmaBlockCopy
80057FF8,DmaAdjustFillConst
8005801C,DmaRestoreDmaBlock2Clients
80058070,DmaUnregisterDmaBlock2Clients
8005807C,DmaUnregisterDmaBlockClients
80058088,DmaRestoreDmaBlockClients
800580DC,ScratchPadInit
80058350,DmaCfgShadowRead
800583BC,DmaInit
800586F4,IsrDmaBlock2End
800588CC,IsrDmaBlockEnd
80058AA4,SmdbRegisterDefault
80058B14,def_80058B04
80058B64,SmdbModePhaseToId
80058C84,SmdbGetActiveSlotMacId
80058CD0,SmdbGetActiveSlotMacPage
80058CD8,SmdbGetCurrentModeInfo
80058E24,SmdbGetCurrentAndNextModeInfo
80058E7C,SmdbSwitchToBootSlotMac
80058F5C,SmdbPrepareToReboot
80058FE0,def_80058FD0
80059078,SmdbDumpDb
800594BC,SmdbDumpSlotMac
80059674,SmdbGetSlotMacMode
800596B0,SmdbGetSlotMacPhase
800596D0,SmdbDumpSlotMacById
8005975C,SmdbRequestService
80059764,SmdbReleaseService
80059950,SmdbSwitchToModeInitialPhase
800599D4,SmdbSelectModeConfig
80059C24,SmdbSwitchToMode
80059CB4,SmdbIsInternalDdrEnabled
80059CE0,SmdbIsInternalDdrActive
80059CEC,SmdbIsIcaUnscaledEnabled
80059D18,SmdbIsIcaScaledEnabled
80059D44,SmdbGetDpMapExtraFifoDW
80059D70,SmdbIsZLightEnabled
80059D9C,SmdbGetAnrLevel
80059DC8,SmdbIsFdtaEnabled
80059DF4,SmdbIsDvsEnabled
80059E20,SmdbAreDvsDcBuffersInMainDdr
80059E4C,SmdbIsDistEnabled
80059E78,SmdbIsImixCodeCopyEnabled
80059E84,SmdbSwitchToModeAndRequestService
8005A0B4,SmdbInit
8005A588,SmdbSetImixCodeCopy
8005A594,SmdbSysHaltSwitchSlotmachine
8005A83C,_fx_nand_driver
8005A878,def_8005A870
8005AA44,_fx_nand_seq_read_driver
8005AA4C,_fx_nand_non_seq_read_driver
8005AA54,_fx_media_abort
8005ABF0,_fx_media_shutdown
8005ACDC,_fx_media_open_ex
8005B888,_fx_media_open
8005B8C0,_fx_media_open_direct
8005B8FC,_fx_media_open_read_only
8005B938,_fx_media_invalidate
8005B970,_fx_all_ata_driver
8005BA04,def_8005B9C8
8005C0B0,_fx_cf_driver
8005C0B8,_fx_cf_16bit_driver
8005C0C0,_fx_ide_driver
8005C0C8,_fx_ata_driver
8005C0D0,_fx_cf_go_idle
8005C104,_fx_media_information_get
8005C264,_fx_media_partition_bso_get
8005C6C0,TlInitRetryInfo
8005C850,TlGetRetryInfo
8005C8A0,def_8005C8E0
8005CD60,TlSetRetryInfo
8005CDA8,def_8005CDE4
8005CE80,TlCheckForRetry
8005D168,_fx_file_delete
8005D544,_fx_current_file_delete
8005D93C,NorTlInit
8005D9A4,NorTlReadSectors
8005DB60,NorTlEraseSectors
8005DCD8,NorTlWriteSectors
8005DE9C,NorTlFlush
8005DF48,_fx_directory_entry_write_exFat_unicode
8005E874,_fx_directory_entry_write_exFat
8005E898,_fx_directory_entry_write
8005F388,_fx_file_relative_seek
8005F468,_fx_utility_FAT_map_flush
8005F5C0,_fx_utility_FAT_rewrite
8005F7B4,_fx_utility_FAT_map_compare
8005F910,_fx_utility_FAT_rewrite_opt
8005FB40,_fx_utility_FAT_map_compare_opt
8005FE78,_fx_file_create_ex
80060184,_fx_file_create
8006018C,_fx_directory_first_full_entry_find
8006029C,_fx_utility_memory_copy
800602AC,_fx_utility_memory_set
800602B4,_fx_utility_log_sector_flush
800603A0,_fx_file_read
80060A4C,_fx_file_get_line
80060B68,_fx_utility_log_sector_write
80060DB4,_fx_directory_next_full_entry_find
80061330,_fx_file_open_ex_entry
80061E40,_fx_file_open_ex
80061E5C,_fx_file_open
80061E64,_fx_file_open_by_entry
80061F68,_fx_bwm_verify_free_block
8006203C,_fx_bwm_is_enabled
8006205C,_fx_bwm_align_FAT_entry_to_free_block
80062198,_fx_bwm_enable
80062240,_fx_bwm_get_free_clusters
800622EC,_fx_file_tell
8006239C,_fx_file_burst_tell
800625DC,_fx_ms_driver_ex
800627B0,def_8006280C
80062FFC,_fx_ms_driver
80063004,_fx_ms_driver_sfcu
800630F8,_fx_lbanand_driver_ex
8006314C,def_80063144
80063570,_fx_lbanand_get_media_type
8006357C,_fx_lbanand_driver
80063584,NorGetExtMediaInfo
800635E4,_fx_nor_driver
8006363C,def_80063628
80063A80,_fx_exFatUpdateBootSector
80063C14,_fx_FlushLogicalSectorsCache
80063D0C,_fx_FlushAndUninitMediaDriver
80063D68,_fx_exFAT_media_close
80063E04,_fx_FAT_media_close
80063F8C,_fx_media_close
80064114,_fx_utility_32_unsigned_write
80064134,_fx_utility_32_unsigned_read
80064160,_fx_directory_name_extract
80064250,_fx_utility_partition_get
8006432C,_fx_partition_offset_calculate
80064530,_fx_directory_free_search_exFat
80064C84,_fx_directory_free_search_Fat_ex
80065350,_fx_directory_free_search_Fat
80065358,_fx_directory_free_search_ex
80065398,_fx_directory_free_search
800653A0,_fx_media_boot_info_exFAT_extract
8006554C,_fx_media_boot_info_Fat_extract
800657B0,_fx_media_boot_info_extract
80065810,_fx_utility_log_sector_read
80065B68,_fx_onenand_driver
80065BA4,def_80065B9C
80065F50,_fx_ssfdc_driver
80065F8C,def_80065F84
8006618C,_fx_media_exFat_GetBitMapStartSector
800662A4,_fx_media_exFat_ReadBitMapPortionToCache
8006633C,_fx_media_exFat_BitMapFlush
800663C0,_fx_media_exFat_BitMapPrepareCacheForClusterOperation
80066450,_fx_media_exFat_GetClusterState
800664FC,_fx_media_exFat_BitMapFindFreeCluster
800665F4,_fx_media_exFat_InitBitMap
80066768,_fx_media_exFat_SetClusterState
80066820,_fx_file_close_ex
80066BF4,_fx_file_close
80066C84,_fx_utility_FAT_entry_write
80066E64,_fx_utility_16_unsigned_read
80066E78,_fx_fat_map_pool_get
80066E84,_fx_fat_map_pool_initialize
80066EF0,_fx_fat_map_is_enabled
80066F10,_fx_fat_map_enable
80066F1C,_fx_fat_map_ext_enable
80066F28,_fx_fat_map_is_ext
80066F34,_fx_fat_map_set_ent_status
80066FBC,_fx_fat_map_get_ent_status
80067034,_fx_fat_map_get_free_index
80067100,_fx_media_additional_info_update
80067294,_fx_media_flush_ex
8006767C,_fx_media_flush
80067684,_fx_directory_information_get_ex
8006785C,_fx_directory_information_get
80067868,_fx_directory_information_get_by_handle
8006793C,_fx_utility_16_unsigned_write
8006794C,_fx_file_seek
80067E3C,_fx_utility_cb_before_fat_update
80067E84,_fx_utility_cb_after_flush
80067EA8,_fx_system_initialize
80067EE4,TlDecreaseMediaCount
800684CC,TlSetLastErrorStatus
80068620,TlSetWpStatus
8006AA0C,TlNandParseId
8006AA6C,TlOneNandParseId
8006AAB4,TlMsReadBootSector
8006AC20,TlMsProConfirmWakeUp
8006AD38,TlIsQuickFormat
8006AD44,TlMsProReadBootSector
8006B0AC,TlAbort
8006B218,TlMediaInit
8006BED4,TlTurnQuickFormat
8006BEE0,TlTurnMsFormatLogicSet
8006BEEC,TlGetLastErrorStatus
8006BF08,TlTurnQuickMount
8006BF14,TlFlushOnWrite
8006BF20,TlInstallCallback
8006BF74,TlInitUserPartitionBlocks
8006C0DC,TlBurnedSectionToZone
8006C144,TlMarkZoneAsMounted
8006C178,TlBootInitRedundant
8006C2A8,TlBootInitZones
8006C39C,TlBootInitAllZones
8006D374,TlBootInitUnits
8006DABC,TlFlush
8006DB40,TlFormatMedia
8006E2D0,TlFormatPartition
8006E5A4,TlDriverInit
8006F710,TlWriteSectors
8006F810,TlVirtualSectorToPhysicalSector
8006F89C,TlReadSectors
8006FC74,TlBootRead
800700CC,TlBootMountPartition
80070294,TlResetMedia
800702EC,TlTurnMsLogPhysUnit
800702F8,TlOpenBurst
800703DC,TlWriteSectorsBurst
800704BC,TlCloseBurst
80070568,TlEraseSectors
8007068C,_fx_utility_64_unsigned_write
800706D4,_fx_directory_entry_read_exFat
80070F90,_fx_directory_entry_read_Fat
800717D4,_fx_directory_entry_read_ex
80071820,_fx_directory_entry_read
800718E0,_fx_file_write_open_cache
80071954,_fx_file_write_flush_cache
80071A40,_fx_file_write_cached
80071F44,_fx_file_write
80072C60,_fx_utility_FAT_entry_log_read
800730B8,_fx_utility_FAT_entry_read
800730C0,_fx_utility_FAT_entry_read_nocache
800730C8,_fx_utility_FAT_get_free_index
80073AD0,_fx_sd_driver_ex
80073C30,def_80073B28
80074D3C,_fx_sd_go_idle
80074D68,_fx_sd_get_media_type
80074D74,_fx_resident_sd_mmc_driver_ex
80074F6C,_fx_sd_driver
80074F74,_fx_sd_driver_sdio
80074FB0,_fx_sd_driver_sdio_alt
80074FE4,_fx_resident_sd_mmc_driver
80074FEC,_fx_sd_driver_sfcu
80074FF4,_fx_resident_sd_mmc_driver_sfcu
80074FFC,_fx_strnlen
80075038,_fx_get_absolute_path
80075314,fx_get_up_case_item
800755EC,fx_get_unicode_name_hash
800756BC,fx_unicode_compare
8007578C,fx_get_name_hash
80075824,FsFprintf
80075898,_fx_set_basic_burst_size
80075934,_fx_file_open_burst
80075AA4,_fx_file_write_burst
800772A8,_fx_file_close_burst
80077AB4,_fx_utility_64_unsigned_read
80077B08,_fx_utility_exFAT_Is_exFAT_present
80077BE8,_fx_utility_VerifySystemAreaCheckSum
80077DCC,_fx_utility_exFAT_CheckGeometry
8007811C,_fx_directory_search
800787C4,_fx_directory_search_entry
80078E9C,_fx_utility_get_time
80078F48,_fx_media_get_burst_size
80078F8C,_fx_media_open_burst
80079098,_fx_media_write_burst
800792F8,_fx_media_close_burst
8007940C,_fx_media_set_interrupted_burst
800796D4,_fx_utility_exFAT_CalculateFAT_Size
800797B0,_fx_utility_exFAT_FormatPartition
80079FD0,_fx_utility_FAT_flush
8007A46C,_fx_media_config_user_request
8007A4F8,FcuOneNandOperation
8007A5B8,def_8007A5B0
8007A8A8,FcuNorSingleOperation
8007A940,def_8007A938
8007AB20,FcuNorOperation
8007ABC8,FcuWasMediaRemoved
8007AC10,FcuSetSectors
8007AC30,FcuMsProLock
8007AC4C,FcuMsProUnLock
8007AC64,GetFcuDriverInstance
8007AC90,FcuLock
8007ACE0,FcuUnlock
8007AD30,FcuIsLocked
8007AD98,FcuResetLock
8007AE64,FcuGetSectorCount
8007AE80,FcuWriteReg
8007AEE8,FcuLoadCodeToRAM
8007AF34,FcuLoadProgram
8007B0EC,FcuReadDataRAMExtraBytes
8007B6F8,FcuOperationPollingWait
8007B824,FcuDeactivateV8
8007B894,FcuOperationInterruptWait
8007B8E4,FcuGetMode
8007B9C8,SetFcuDriverInstance
8007B9F0,FsDetectCardStatus
8007BAE0,FcuSetMode
8007BC40,FcuOperation
8007CC08,FsSetExternalCardStatus
8007CC9C,FsGetExternalCardStatus
8007CCB8,FcuSetTimeout
8007CCD4,FcuGetMediaId
8007CCF0,FcuSetMediaId
8007CD0C,FcuWriteDataRAMExtraBytes
8007CD64,FcuSetMediaAccessErrorCallback
8007CD70,FcuSetMediaInitOpt
8007CD7C,FcuSetCurrentOperation
8007CE7C,DeviceOpen
8007CEBC,DeviceClose
8007CEFC,FcuInit
8007D2FC,FcuClockSetClockMode
8007D39C,FcuClockGetFrequency
8007D408,FcuMsproSetClockDivider
8007D4D0,FcuClockSetSerialClock
8007D5AC,FcuClockSetFrequency
8007D6A0,FcuLbaNandPostOperation
8007D6FC,FcuLbaNandOperationEx
8007D8EC,def_8007D890
8007D8F8,def_8007D86C
8007DC60,FcuLbaNandOperation
8007DCC0,FcuLbaNandParseId2
8007DD60,FcuLbaNandSwitchToLbaMode
8007DE00,FcuLbaNandFlush
8007DE30,FcuLbaNandReboot
8007DECC,FcuLbaNandSwitchToCmMode
8007DF80,FcuLbaNandRwTerminate
8007DFD8,FcuSsfdcOperationEx
8007E224,def_8007E1E8
8007E498,FcuSsfdcOperation
8007E54C,FcuCfOperation
8007E678,def_8007E62C
8007E984,FcuNandSupportEcc
8007E9A4,FcuNandPostOperation
8007EA00,FcuNandOperationEx
8007EED4,def_8007EECC
8007F70C,FcuBenandReWriteBlocks
8007F904,FcuNandOperation
8007FA08,FcuSetNandEccMode
8007FA88,FcuSetNandWpMode
8007FC74,CreateFcuLockTx
8007FD24,FcuMsproSetExternalCardStatus
8007FD3C,FcuMsproSetFormatMode
8007FD48,FcuMsproIsSerialMode
8007FD78,FcuMsProOperation
8007FF68,def_8007FF50
800806BC,FcuMsproSetSerialMode
80080740,FcuMsproTriggerHwReset
80080758,FcuMsproForceParallel
80080768,FcuMsProUninit
800807F8,FcuMsProGetCardBusWidth
80080804,FcuMsProSetHgSupport
80080810,EccCalc
80080A34,FcuEccFix
80080CB8,FcuEccCheckAndFix
80080CFC,FcuMediaInfoGet
80080DB4,FcuSetZoneConfig
80080E20,FcuGetZonesConfig
80080FA8,FcuNandParseId
80081084,def_8008105C
80081950,FcuOneNandParseId
800819B8,FcuMediaInfoInit
80081EEC,FcuMediaInfoRelease
80081FF4,FcuMediaInfoRefresh
80082144,FcuMediaGetBlockStatus
800821E8,FcuMediaUpdateBlockStatus
80082238,FcuMediaInfoGetHeader
800823B0,FcuMediaInfoGetMBR_Sector
800823FC,FcuMsOperation
800825A8,def_8008253C
800828BC,FcuSdGetMediaType
800829F8,FcuSetSdClockCount
80082A00,FcuSetMmcClockCount
80082A08,FcuSetReadRetriesCount
80082A20,FcuGetReadRetriesCount
80082A2C,FcuIsSdReadRetryEnabled
80082A50,FcuSdOperation
80082C48,def_80082BC0
800839C0,FcuSdBlock
80083D60,FcuMediaSleepTerminate
80083E6C,FcuMediaSleepRestart
80083F7C,FcuMediaDirectCntl
80084054,FcuMediaControl
800840CC,def_800840B4
80084428,RtcInitPeTest
800845F4,RtcStatus
80084768,RtcInit
800848C8,RtcGetMaxTime
800848D4,RtcSetMaxTime
800848E0,RtcGetTime
800849AC,RtcGetDelta
800849B8,RtcGetUserTime
80084A14,RtcUserInfoWrite
80084AAC,RtcUserInfoRead
80084C0C,RtcSetTime
80084CA8,RtcSetDelta
80084CB8,RtcSetUserTime
80084D10,RtcTimer
80084D94,RtcWakeUp
80084DDC,RtcSetTimeOut
80084EC8,RtcGetTimeOut
80084F4C,RtcSetWakeUp
80085008,RtcUse
80085018,RtcGetBaseYear
80085024,RtcSetBaseYear
80085030,RtcPowerOff
80085080,RtcInstallGetTimeCallback
8008508C,RtcUseDelta
8008509C,RtcGetUserInfo
80085128,RtcSetUserInfo
80085174,RtcPending
80085218,RtcSetRollBackTime
80085228,strtok_r
800852C8,strtok
80085330,tolower
80085350,toupper
80085370,isalnum
80085388,isalpha
800853A0,isascii
800853A8,iscntrl
800853C0,isdigit
800853D8,isgraph
800853F0,islower
80085408,isprint
80085420,ispunct
80085438,isspace
80085450,isupper
80085468,isxdigit
80085480,toascii
80085488,_tolower
80085490,_toupper
80085498,rand_r
800854C0,rand
80085508,srand
80085548,strtol
80085738,fseek
800857F4,fsetpos
800858A0,rewind
800858E4,fscanf
80085908,scanf
80085940,vscanf
8008596C,clearerr
800859AC,feof
800859BC,ferror
800859CC,fileno
80085D70,vfscanf
800867A4,def_80085FD4
80086844,_filbuf
80086988,ungetc
80086AB0,strtoul
80086C8C,strtoll
80086F6C,strtoull
80087214,strtod
80087230,gmtime_r
8008726C,gmtime
800872C8,memcmp
80087360,memcpy
800874C8,memset
80087570,offtime_r
80087788,offtime
800877F4,sscanf
8008785C,vsscanf
800878C8,strcat
80087964,strchr
800879F4,strcmp
80087B14,strcpy
80087CB4,strlen
80087CD8,strncmp
80087DB0,strncpy
80087E80,strstr
80087ED4,strspn
80087F3C,strcspn
80087FA4,__udivmoddi4
80088234,__udivdi3
80088250,__umoddi3
80088278,__divdi3
80088328,__moddi3
8008875C,vfprintf
80089CEC,def_80088BE0
80089D50,vprintf
80089D7C,_flsbuf
80089F64,_flspbuf
8008A00C,__vsnprintf
8008A060,vsprintf
8008A08C,__snprintf
8008A0AC,sprintf
8008A0E0,vsnprintf
8008A0FC,snprintf
8008A11C,modf
8008A138,_i_init
8008A1CC,_cleanup
8008A1EC,_o_init
8008A290,_ioballoc
8008A3A8,_iobfree
8008A3B4,_fwalk
8008A444,_weak__flockfree
8008A460,fclose
8008A4FC,isatty
8008A528,__nedf2
8008A590,__muldf3
8008AA54,__floatsidf
8008AB00,__gtdf2
8008AC38,fflush
8008AD2C,_flslbuf
8008AD7C,__ltdf2
8008ADE4,__divdf3
8008B2A4,__adddf3
8008B7A8,__subdf3
8008B7B4,__fixdfsi
8008B898,__eqdf2
8008B900,__orderdf2
8008B998,__modf
8008BBDC,_bufalloc
8008BC3C,_buffree
8008BCA0,__fixunssfsi
8008BCFC,__floatsisf
8008BE84,__truncdfsf2
8008BFC4,__addsf3
8008C2A4,__subsf3
8008C2B0,__mulsf3
8008C52C,__ordersf2
8008C578,__strtod
8008C928,__negdf2
8008C938,__fixsfsi
8008C9CC,__ldexp
8008CBE4,_tx_semaphore_create
8008CD94,_tx_mutex_info_get
8008CF5C,_tx_semaphore_get
8008D230,_tx_semaphore_delete
8008D434,_tx_semaphore_put
8008D618,_tx_queue_info_get
8008D7E0,_tx_thread_info_get
8008D8F4,_tx_semaphore_cleanup
8008DA54,_tx_mutex_delete
8008DC58,_tx_queue_flush
8008DE50,DcuClientSet
8008DFBC,DcuClientGet
8008E020,DcuClientGetStatus
8008E07C,_fx_media_driver_init
8008E178,data_starts_here
